{
  "extends": "tslint:latest",
  "rules": {
    "no-console": false,
    "one-line": [true, "check-whitespace"],
    "member-ordering": false,
    "forin": false,
    "interface-name": false,
    "interface-over-type-literal": false,
    "object-literal-sort-keys": false,
    "no-implicit-dependencies": [true, "dev"],
    "variable-name": [true, "ban-keywords", "check-format", "allow-leading-underscore", "allow-pascal-case"]
  },
  "jsRules": {
    "no-console": { "severity": "warning" },
    "object-literal-sort-keys": false,
    "one-line": [true, "check-whitespace"],
    "forin": false
  }
}